N_Features,F1-Score
10,0.7549411146834658
20,0.799335363867325
30,0.8224253369196732
40,0.8305824346772968
50,0.8565742453188918
61,0.8590313401572818
